dist_type,hist_type,num_bins,correct,recog_rate
chi2,grayvalue,5,45,0.5056179775280899
l2,rg,5,58,0.651685393258427
chi2,dxdy,5,4,0.0449438202247191
intersect,rgb,5,72,0.8089887640449438
intersect,grayvalue,5,43,0.48314606741573035
chi2,rg,5,73,0.8202247191011236
l2,rgb,5,62,0.6966292134831461
intersect,dxdy,5,1,0.011235955056179775
chi2,rgb,5,79,0.8876404494382022
l2,grayvalue,5,40,0.449438202247191
l2,dxdy,5,4,0.0449438202247191
intersect,rg,5,65,0.7303370786516854
